{"cameraMode":{"drawMode":0,"name":"Shaded","section":"Shading Mode"},"sceneLighting":false,"audioPlay":false,"sceneViewState":{"showFog":true,"showMaterialUpdate":false,"showSkybox":false,"showFlares":true,"showImageEffects":true,"showParticleSystems":true},"in2DMode":false,"pivot":{"x":0.6959265470504761,"y":-0.3601405620574951,"z":2.416396379470825},"rotation":{"x":0.2530841827392578,"y":0.6657503247261047,"z":-0.2597615718841553,"w":0.6522186994552612},"size":3.0655274391174318,"orthographic":false}