{"cameraMode":{"drawMode":0,"name":"Shaded","section":"Shading Mode"},"sceneLighting":false,"audioPlay":false,"sceneViewState":{"showFog":true,"showMaterialUpdate":false,"showSkybox":false,"showFlares":true,"showImageEffects":true,"showParticleSystems":true},"in2DMode":false,"pivot":{"x":0.3063890039920807,"y":-0.022321000695228578,"z":-0.3138220012187958},"rotation":{"x":-0.012883128598332405,"y":0.9830465912818909,"z":-0.1667264848947525,"w":-0.0762224942445755},"size":0.6906058192253113,"orthographic":true}