{"cameraMode":{"drawMode":0,"name":"Shaded","section":"Shading Mode"},"sceneLighting":false,"audioPlay":false,"sceneViewState":{"showFog":true,"showMaterialUpdate":false,"showSkybox":false,"showFlares":true,"showImageEffects":true,"showParticleSystems":true},"in2DMode":false,"pivot":{"x":0.0008018016815185547,"y":2.4099950790405275,"z":-7.664027214050293},"rotation":{"x":0.030132394284009935,"y":-0.9348741173744202,"z":0.08182024210691452,"w":0.3442217707633972},"size":2.054600715637207,"orthographic":true}