{"cameraMode":{"drawMode":0,"name":"Shaded","section":"Shading Mode"},"sceneLighting":false,"audioPlay":false,"sceneViewState":{"showFog":true,"showMaterialUpdate":false,"showSkybox":false,"showFlares":true,"showImageEffects":true,"showParticleSystems":true},"in2DMode":false,"pivot":{"x":0.306388795375824,"y":-0.02232074737548828,"z":-0.31382179260253909},"rotation":{"x":-0.012883128598332405,"y":0.9830465912818909,"z":-0.1667264848947525,"w":-0.0762224942445755},"size":0.5008308291435242,"orthographic":true}