{"cameraMode":{"drawMode":0,"name":"Shaded","section":"Shading Mode"},"sceneLighting":false,"audioPlay":false,"sceneViewState":{"showFog":true,"showMaterialUpdate":false,"showSkybox":false,"showFlares":true,"showImageEffects":true,"showParticleSystems":true},"in2DMode":false,"pivot":{"x":-0.3108227252960205,"y":1.1941297054290772,"z":0.14108750224113465},"rotation":{"x":0.11387886852025986,"y":-0.6865284442901611,"z":0.10873889178037644,"w":0.7099469304084778},"size":2.4186532497406008,"orthographic":false}