{"cameraMode":{"drawMode":0,"name":"Shaded","section":"Shading Mode"},"sceneLighting":false,"audioPlay":false,"sceneViewState":{"showFog":true,"showMaterialUpdate":false,"showSkybox":false,"showFlares":true,"showImageEffects":true,"showParticleSystems":true},"in2DMode":false,"pivot":{"x":-2.11519718170166,"y":8.806641578674317,"z":-4.46517276763916},"rotation":{"x":0.09123560786247254,"y":-0.7159265279769898,"z":0.09528177976608277,"w":0.6856500506401062},"size":6.802268028259277,"orthographic":true}