{"cameraMode":{"drawMode":0,"name":"Shaded","section":"Shading Mode"},"sceneLighting":true,"audioPlay":false,"sceneViewState":{"showFog":true,"showMaterialUpdate":false,"showSkybox":false,"showFlares":true,"showImageEffects":true,"showParticleSystems":true},"in2DMode":false,"pivot":{"x":-97.41867065429688,"y":-3.341853618621826,"z":55.770530700683597},"rotation":{"x":-0.24995100498199464,"y":0.7291898131370544,"z":-0.5404350757598877,"w":-0.3372502624988556},"size":40.52922439575195,"orthographic":false}