{"cameraMode":{"drawMode":0,"name":"Shaded","section":"Shading Mode"},"sceneLighting":false,"audioPlay":false,"sceneViewState":{"showFog":true,"showMaterialUpdate":false,"showSkybox":false,"showFlares":true,"showImageEffects":true,"showParticleSystems":true},"in2DMode":false,"pivot":{"x":-3.1399998664855959,"y":1.8473089933395386,"z":139.489013671875},"rotation":{"x":0.304476797580719,"y":0.4485451877117157,"z":-0.1669435203075409,"w":0.8236327767372131},"size":8.663467407226563,"orthographic":false}